"Result","z[[k]]"
"Buckinghamshire","South East"
"",""
"Result","z[[k]]"
"Cambridgeshire","East of England"
"",""
"Result","z[[k]]"
"Cumbria","North West"
"",""
"Result","z[[k]]"
"Derbyshire","East Midlands"
"",""
"Result","z[[k]]"
"Devon","South West"
"",""
"Result","z[[k]]"
"Dorset","South West"
"",""
"Result","z[[k]]"
"East Sussex","South East"
"",""
"Result","z[[k]]"
"Essex","East of England"
"",""
"Result","z[[k]]"
"Gloucestershire","South West"
"",""
"Result","z[[k]]"
"Hampshire","South East"
"",""
"Result","z[[k]]"
"Hertfordshire","East of England"
"",""
"Result","z[[k]]"
"Kent","South East"
"",""
"Result","z[[k]]"
"Lancashire","North West"
"",""
"Result","z[[k]]"
"Leicestershire","East Midlands"
"",""
"Result","z[[k]]"
"Lincolnshire","East Midlands"
"",""
"Result","z[[k]]"
"Norfolk","East of England"
"",""
"Result","z[[k]]"
"North Yorkshire","Yorkshire and The Humber"
"",""
"Result","z[[k]]"
"Northamptonshire","East Midlands"
"",""
"Result","z[[k]]"
"Nottinghamshire","East Midlands"
"",""
"Result","z[[k]]"
"Oxfordshire","South East"
"",""
"Result","z[[k]]"
"Somerset","South West"
"",""
"Result","z[[k]]"
"Staffordshire","West Midlands"
"",""
"Result","z[[k]]"
"Suffolk","East of England"
"",""
"Result","z[[k]]"
"Surrey","South East"
"",""
"Result","z[[k]]"
"Warwickshire","West Midlands"
"",""
"Result","z[[k]]"
"West Sussex","South East"
"",""
"Result","z[[k]]"
"Worcestershire","West Midlands"
"",""
"Result","z[[k]]"
"City of London","London"
"",""
"Result","z[[k]]"
"Barking and Dagenham","London"
"",""
"Result","z[[k]]"
"Barnet","London"
"",""
"Result","z[[k]]"
"Bexley","London"
"",""
"Result","z[[k]]"
"Brent","London"
"",""
"Result","z[[k]]"
"Bromley","London"
"",""
"Result","z[[k]]"
"Camden","London"
"",""
"Result","z[[k]]"
"Croydon","London"
"",""
"Result","z[[k]]"
"Ealing","London"
"",""
"Result","z[[k]]"
"Enfield","London"
"",""
"Result","z[[k]]"
"Sunderland","North East"
"",""
"Result","z[[k]]"
"Greenwich","London"
"",""
"Result","z[[k]]"
"Hackney","London"
"",""
"Result","z[[k]]"
"Birmingham","West Midlands"
"",""
"Result","z[[k]]"
"Coventry","West Midlands"
"",""
"Result","z[[k]]"
"Hammersmith and Fulham","London"
"",""
"Result","z[[k]]"
"Haringey","London"
"",""
"Result","z[[k]]"
"Dudley","West Midlands"
"",""
"Result","z[[k]]"
"Sandwell","West Midlands"
"",""
"Result","z[[k]]"
"Harrow","London"
"",""
"Result","z[[k]]"
"Thurrock","East of England"
"",""
"Result","z[[k]]"
"Solihull","West Midlands"
"",""
"Result","z[[k]]"
"Havering","London"
"",""
"Result","z[[k]]"
"Medway","South East"
"",""
"Result","z[[k]]"
"Hillingdon","London"
"",""
"Result","z[[k]]"
"Walsall","West Midlands"
"",""
"Result","z[[k]]"
"Bracknell Forest","South East"
"",""
"Result","z[[k]]"
"West Berkshire","South East"
"",""
"Result","z[[k]]"
"Wolverhampton","West Midlands"
"",""
"Result","z[[k]]"
"Hounslow","London"
"",""
"Result","z[[k]]"
"Islington","London"
"",""
"Result","z[[k]]"
"Bradford","Yorkshire and The Humber"
"",""
"Result","z[[k]]"
"Reading","South East"
"",""
"Result","z[[k]]"
"Calderdale","Yorkshire and The Humber"
"",""
"Result","z[[k]]"
"Kensington and Chelsea","London"
"",""
"Result","z[[k]]"
"Slough","South East"
"",""
"Result","z[[k]]"
"Kirklees","Yorkshire and The Humber"
"",""
"Result","z[[k]]"
"Kingston upon Thames","London"
"",""
"Result","z[[k]]"
"Windsor and Maidenhead","South East"
"",""
"Result","z[[k]]"
"Leeds","Yorkshire and The Humber"
"",""
"Result","z[[k]]"
"Lambeth","London"
"",""
"Result","z[[k]]"
"Wokingham","South East"
"",""
"Result","z[[k]]"
"Wakefield","Yorkshire and The Humber"
"",""
"Result","z[[k]]"
"Lewisham","London"
"",""
"Result","z[[k]]"
"Merton","London"
"",""
"Result","z[[k]]"
"Hartlepool","North East"
"",""
"Result","z[[k]]"
"Milton Keynes","South East"
"",""
"Result","z[[k]]"
"Brighton and Hove","South East"
"",""
"Result","z[[k]]"
"Middlesbrough","North East"
"",""
"Result","z[[k]]"
"Newham","London"
"",""
"Result","z[[k]]"
"Portsmouth","South East"
"",""
"Result","z[[k]]"
"Southampton","South East"
"",""
"Result","z[[k]]"
"Redbridge","London"
"",""
"Result","z[[k]]"
"Redcar and Cleveland","North East"
"",""
"Result","z[[k]]"
"Stockton-on-Tees","North East"
"",""
"Result","z[[k]]"
"Isle of Wight","South East"
"",""
"Result","z[[k]]"
"Richmond upon Thames","London"
"",""
"Result","z[[k]]"
"Southwark","London"
"",""
"Result","z[[k]]"
"Darlington","North East"
"",""
"Result","z[[k]]"
"Sutton","London"
"",""
"Result","z[[k]]"
"County Durham","North East"
"",""
"Result","z[[k]]"
"Northumberland","North East"
"",""
"Result","z[[k]]"
"Tower Hamlets","London"
"",""
"Result","z[[k]]"
"Waltham Forest","London"
"",""
"Result","z[[k]]"
"Cheshire East","North West"
"",""
"Result","z[[k]]"
"Wandsworth","London"
"",""
"Result","z[[k]]"
"Halton","North West"
"",""
"Result","z[[k]]"
"Westminster","London"
"",""
"Result","z[[k]]"
"Warrington","North West"
"",""
"Result","z[[k]]"
"Cheshire West and Chester","North West"
"",""
"Result","z[[k]]"
"Bolton","North West"
"",""
"Result","z[[k]]"
"Blackburn with Darwen","North West"
"",""
"Result","z[[k]]"
"Bury","North West"
"",""
"Result","z[[k]]"
"Blackpool","North West"
"",""
"Result","z[[k]]"
"Manchester","North West"
"",""
"Result","z[[k]]"
"Kingston upon Hull","Yorkshire and The Humber"
"",""
"Result","z[[k]]"
"Oldham","North West"
"",""
"Result","z[[k]]"
"East Riding of Yorkshire","Yorkshire and The Humber"
"",""
"Result","z[[k]]"
"Rochdale","North West"
"",""
"Result","z[[k]]"
"North East Lincolnshire","Yorkshire and The Humber"
"",""
"Result","z[[k]]"
"Salford","North West"
"",""
"Result","z[[k]]"
"North Lincolnshire","Yorkshire and The Humber"
"",""
"Result","z[[k]]"
"Stockport","North West"
"",""
"Result","z[[k]]"
"Tameside","North West"
"",""
"Result","z[[k]]"
"York","Yorkshire and The Humber"
"",""
"Result","z[[k]]"
"Trafford","North West"
"",""
"Result","z[[k]]"
"Derby","East Midlands"
"",""
"Result","z[[k]]"
"Leicester","East Midlands"
"",""
"Result","z[[k]]"
"Wigan","North West"
"",""
"Result","z[[k]]"
"Rutland","East Midlands"
"",""
"Result","z[[k]]"
"Knowsley","North West"
"",""
"Result","z[[k]]"
"Nottingham","East Midlands"
"",""
"Result","z[[k]]"
"Liverpool","North West"
"",""
"Result","z[[k]]"
"Herefordshire","West Midlands"
"",""
"Result","z[[k]]"
"St. Helens","North West"
"",""
"Result","z[[k]]"
"Telford and Wrekin","West Midlands"
"",""
"Result","z[[k]]"
"Sefton","North West"
"",""
"Result","z[[k]]"
"Shropshire","West Midlands"
"",""
"Result","z[[k]]"
"Wirral","North West"
"",""
"Result","z[[k]]"
"Stoke-on-Trent","West Midlands"
"",""
"Result","z[[k]]"
"Barnsley","Yorkshire and The Humber"
"",""
"Result","z[[k]]"
"Bath and North East Somerset","South West"
"",""
"Result","z[[k]]"
"Doncaster","Yorkshire and The Humber"
"",""
"Result","z[[k]]"
"Bristol","South West"
"",""
"Result","z[[k]]"
"Rotherham","Yorkshire and The Humber"
"",""
"Result","z[[k]]"
"Sheffield","Yorkshire and The Humber"
"",""
"Result","z[[k]]"
"North Somerset","South West"
"",""
"Result","z[[k]]"
"Gateshead","North East"
"",""
"Result","z[[k]]"
"South Gloucestershire","South West"
"",""
"Result","z[[k]]"
"Cornwall","South West"
"",""
"Result","z[[k]]"
"Newcastle upon Tyne","North East"
"",""
"Result","z[[k]]"
"North Tyneside","North East"
"",""
"Result","z[[k]]"
"Isles of Scilly","South West"
"",""
"Result","z[[k]]"
"South Tyneside","North East"
"",""
"Result","z[[k]]"
"Plymouth","South West"
"",""
"Result","z[[k]]"
"Torbay","South West"
"",""
"Result","z[[k]]"
"Bournemouth","South West"
"",""
"Result","z[[k]]"
"Poole","South West"
"",""
"Result","z[[k]]"
"Swindon","South West"
"",""
"Result","z[[k]]"
"Wiltshire","South West"
"",""
"Result","z[[k]]"
"Peterborough","East of England"
"",""
"Result","z[[k]]"
"Luton","East of England"
"",""
"Result","z[[k]]"
"Bedford","East of England"
"",""
"Result","z[[k]]"
"Central Bedfordshire","East of England"
"",""
"Result","z[[k]]"
"Southend-on-Sea","East of England"
"",""
